dataset,frame_id,factor,value,finite_points,fov_points,fov_pct,eligible_objects,object_points,inside_box_points,macro_box_pct,micro_box_pct,median_shift_px,split,threshold_pct,has_score,alarm
kitti,000001,yaw_deg,-3.00000000,120268,18637,15.49622510,3,97,0,0.00000000,0.00000000,38.00152157,calibration,81.64628477,True,True
kitti,000001,yaw_deg,-2.00000000,120268,18627,15.48791033,3,97,13,9.41798942,13.40206186,25.31649560,calibration,81.64628477,True,True
kitti,000001,yaw_deg,-1.00000000,120268,18635,15.49456214,3,97,54,54.76190476,55.67010309,12.65192125,calibration,81.64628477,True,True
kitti,000001,yaw_deg,-0.50000000,120268,18633,15.49289919,3,97,76,76.24338624,78.35051546,6.32477437,calibration,81.64628477,True,True
kitti,000001,yaw_deg,0.00000000,120268,18630,15.49040476,3,97,97,100.00000000,100.00000000,0.00000000,calibration,81.64628477,True,False
kitti,000001,yaw_deg,0.50000000,120268,18629,15.48957329,3,97,72,77.08994709,74.22680412,6.32418270,calibration,81.64628477,True,True
kitti,000001,yaw_deg,1.00000000,120268,18630,15.49040476,3,97,41,29.20634921,42.26804124,12.64912395,calibration,81.64628477,True,True
kitti,000001,yaw_deg,2.00000000,120268,18633,15.49289919,3,97,7,3.33333333,7.21649485,25.30521657,calibration,81.64628477,True,True
kitti,000001,yaw_deg,3.00000000,120268,18635,15.49456214,3,97,0,0.00000000,0.00000000,37.97782152,calibration,81.64628477,True,True
kitti,000004,yaw_deg,-3.00000000,115976,19049,16.42494999,2,103,18,11.68831169,17.47572816,43.17606401,calibration,81.64628477,True,True
kitti,000004,yaw_deg,-2.00000000,115976,19067,16.44047044,2,103,47,41.98301698,45.63106796,28.96726039,calibration,81.64628477,True,True
kitti,000004,yaw_deg,-1.00000000,115976,19080,16.45167966,2,103,80,73.60139860,77.66990291,14.57938586,calibration,81.64628477,True,True
kitti,000004,yaw_deg,-0.50000000,115976,19076,16.44823067,2,103,95,90.98401598,92.23300971,7.31443115,calibration,81.64628477,True,False
kitti,000004,yaw_deg,0.00000000,115976,19063,16.43702145,2,103,103,100.00000000,100.00000000,0.00000000,calibration,81.64628477,True,False
kitti,000004,yaw_deg,0.50000000,115976,19053,16.42839898,2,103,97,91.00899101,94.17475728,7.36555241,calibration,81.64628477,True,False
kitti,000004,yaw_deg,1.00000000,115976,19032,16.41029178,2,103,82,74.90009990,79.61165049,14.78390979,calibration,81.64628477,True,True
kitti,000004,yaw_deg,2.00000000,115976,18975,16.36114368,2,103,56,47.82717283,54.36893204,29.78597899,calibration,81.64628477,True,True
kitti,000004,yaw_deg,3.00000000,115976,18965,16.35252121,2,103,21,13.63636364,20.38834951,45.02052090,calibration,81.64628477,True,True
kitti,000007,yaw_deg,-3.00000000,122798,19515,15.89195264,4,240,46,6.02094241,19.16666667,38.24808542,calibration,81.64628477,True,True
kitti,000007,yaw_deg,-2.00000000,122798,19508,15.88625222,4,240,105,19.66795260,43.75000000,25.49630084,calibration,81.64628477,True,True
kitti,000007,yaw_deg,-1.00000000,122798,19363,15.76817212,4,240,177,58.39322127,73.75000000,12.75036177,calibration,81.64628477,True,True
kitti,000007,yaw_deg,-0.50000000,122798,19351,15.75839997,4,240,222,92.98263985,92.50000000,6.37649866,calibration,81.64628477,True,False
kitti,000007,yaw_deg,0.00000000,122798,19423,15.81703285,4,240,240,100.00000000,100.00000000,0.00000000,calibration,81.64628477,True,False
kitti,000007,yaw_deg,0.50000000,122798,19433,15.82517631,4,240,212,78.61835216,88.33333333,6.38080313,calibration,81.64628477,True,True
kitti,000007,yaw_deg,1.00000000,122798,19388,15.78853076,4,240,172,48.79140259,71.66666667,12.76672724,calibration,81.64628477,True,True
kitti,000007,yaw_deg,2.00000000,122798,19236,15.66475024,4,240,99,14.14301460,41.25000000,25.55706046,calibration,81.64628477,True,True
kitti,000007,yaw_deg,3.00000000,122798,19268,15.69080930,4,240,42,5.49738220,17.50000000,38.38287591,calibration,81.64628477,True,True
kitti,000008,yaw_deg,-3.00000000,122555,17099,13.95210314,6,10103,4536,50.42157309,44.89755518,41.92084558,calibration,81.64628477,True,True
kitti,000008,yaw_deg,-2.00000000,122555,17106,13.95781486,6,10103,4811,65.48883559,47.61951895,28.16542962,calibration,81.64628477,True,True
kitti,000008,yaw_deg,-1.00000000,122555,17161,14.00269267,6,10103,5048,77.86225042,49.96535682,14.20856572,calibration,81.64628477,True,True
kitti,000008,yaw_deg,-0.50000000,122555,17198,14.03288320,6,10103,5101,82.88817977,50.48995348,7.13932840,calibration,81.64628477,True,False
kitti,000008,yaw_deg,0.00000000,122555,17238,14.06552160,6,10103,5108,84.38477297,50.55923983,0.00000000,calibration,81.64628477,True,False
kitti,000008,yaw_deg,0.50000000,122555,17281,14.10060789,6,10103,5082,82.85185810,50.30189053,7.16968866,calibration,81.64628477,True,False
kitti,000008,yaw_deg,1.00000000,122555,17316,14.12916650,6,10103,5001,77.95240234,49.50014847,14.34847866,calibration,81.64628477,True,True
kitti,000008,yaw_deg,2.00000000,122555,17384,14.18465179,6,10103,4748,63.82796451,46.99594180,28.73646702,calibration,81.64628477,True,True
kitti,000008,yaw_deg,3.00000000,122555,17436,14.22708172,6,10103,4497,52.85790178,44.51153123,43.16595516,calibration,81.64628477,True,True
kitti,000009,yaw_deg,-3.00000000,123928,19443,15.68894842,1,219,70,31.96347032,31.96347032,38.36275822,calibration,81.64628477,True,True
kitti,000009,yaw_deg,-2.00000000,123928,19440,15.68652766,1,219,124,56.62100457,56.62100457,25.54987623,calibration,81.64628477,True,True
kitti,000009,yaw_deg,-1.00000000,123928,19429,15.67765154,1,219,176,80.36529680,80.36529680,12.76430233,calibration,81.64628477,True,True
kitti,000009,yaw_deg,-0.50000000,123928,19427,15.67603770,1,219,205,93.60730594,93.60730594,6.38035564,calibration,81.64628477,True,False
kitti,000009,yaw_deg,0.00000000,123928,19411,15.66312698,1,219,219,100.00000000,100.00000000,0.00000000,calibration,81.64628477,True,False
kitti,000009,yaw_deg,0.50000000,123928,19412,15.66393390,1,219,203,92.69406393,92.69406393,6.37769534,calibration,81.64628477,True,False
kitti,000009,yaw_deg,1.00000000,123928,19395,15.65021625,1,219,180,82.19178082,82.19178082,12.75424836,calibration,81.64628477,True,False
kitti,000009,yaw_deg,2.00000000,123928,19381,15.63891937,1,219,120,54.79452055,54.79452055,25.50914246,calibration,81.64628477,True,True
kitti,000009,yaw_deg,3.00000000,123928,19381,15.63891937,1,219,66,30.13698630,30.13698630,38.26840803,calibration,81.64628477,True,True
kitti,000010,yaw_deg,-3.00000000,115875,16717,14.42675297,9,3426,1381,36.17750979,40.30939872,40.45359137,calibration,81.64628477,True,True
kitti,000010,yaw_deg,-2.00000000,115875,16646,14.36548004,9,3426,1629,51.70462754,47.54816112,27.09661835,calibration,81.64628477,True,True
kitti,000010,yaw_deg,-1.00000000,115875,16555,14.28694714,9,3426,1901,72.17863805,55.48744892,13.61266203,calibration,81.64628477,True,True
kitti,000010,yaw_deg,-0.50000000,115875,16501,14.24034520,9,3426,2004,82.15801464,58.49387040,6.82025288,calibration,81.64628477,True,False
kitti,000010,yaw_deg,0.00000000,115875,16464,14.20841424,9,3426,2058,90.75987842,60.07005254,0.00000000,calibration,81.64628477,True,False
kitti,000010,yaw_deg,0.50000000,115875,16412,14.16353830,9,3426,2068,86.69174648,60.36193812,6.84564861,calibration,81.64628477,True,False
kitti,000010,yaw_deg,1.00000000,115875,16369,14.12642934,9,3426,2011,71.21902752,58.69819031,13.70395157,calibration,81.64628477,True,True
kitti,000010,yaw_deg,2.00000000,115875,16299,14.06601942,9,3426,1876,47.99764763,54.75773497,27.48370281,calibration,81.64628477,True,True
kitti,000010,yaw_deg,3.00000000,115875,16271,14.04185545,9,3426,1725,35.50039128,50.35026270,41.34490886,calibration,81.64628477,True,True
kitti,000011,yaw_deg,-3.00000000,108004,19832,18.36228288,6,3766,332,7.39011724,8.81571960,46.14064654,calibration,81.64628477,True,True
kitti,000011,yaw_deg,-2.00000000,108004,19876,18.40302211,6,3766,465,24.85160646,12.34731811,30.54836429,calibration,81.64628477,True,True
kitti,000011,yaw_deg,-1.00000000,108004,19933,18.45579793,6,3766,637,53.72989769,16.91449814,15.15640190,calibration,81.64628477,True,True
kitti,000011,yaw_deg,-0.50000000,108004,19955,18.47616755,6,3766,707,72.77853531,18.77323420,7.54968576,calibration,81.64628477,True,True
kitti,000011,yaw_deg,0.00000000,108004,19946,18.46783452,6,3766,721,84.28416999,19.14498141,0.00000000,calibration,81.64628477,True,False
kitti,000011,yaw_deg,0.50000000,108004,19946,18.46783452,6,3766,634,71.38712027,16.83483802,7.47301542,calibration,81.64628477,True,True
kitti,000011,yaw_deg,1.00000000,108004,19952,18.47338987,6,3766,508,52.34506615,13.48911312,14.85767929,calibration,81.64628477,True,True
kitti,000011,yaw_deg,2.00000000,108004,19963,18.48357468,6,3766,269,25.42754453,7.14285714,29.38181777,calibration,81.64628477,True,True
kitti,000011,yaw_deg,3.00000000,108004,19948,18.46968631,6,3766,114,10.16342502,3.02708444,43.57814275,calibration,81.64628477,True,True
kitti,000012,yaw_deg,-3.00000000,120007,18664,15.55242611,2,52,0,0.00000000,0.00000000,39.00856485,calibration,81.64628477,True,True
kitti,000012,yaw_deg,-2.00000000,120007,18666,15.55409268,2,52,5,6.41025641,9.61538462,26.08005743,calibration,81.64628477,True,True
kitti,000012,yaw_deg,-1.00000000,120007,18666,15.55409268,2,52,28,46.15384615,53.84615385,13.08008218,calibration,81.64628477,True,True
kitti,000012,yaw_deg,-0.50000000,120007,18677,15.56325881,2,52,46,84.61538462,88.46153846,6.55060215,calibration,81.64628477,True,False
kitti,000012,yaw_deg,0.00000000,120007,18705,15.58659078,2,52,52,100.00000000,100.00000000,0.00000000,calibration,81.64628477,True,False
kitti,000012,yaw_deg,0.50000000,120007,18688,15.57242494,2,52,48,94.87179487,92.30769231,6.57283651,calibration,81.64628477,True,False
kitti,000012,yaw_deg,1.00000000,120007,18698,15.58075779,2,52,34,71.79487179,65.38461538,13.16903401,calibration,81.64628477,True,True
kitti,000012,yaw_deg,2.00000000,120007,18699,15.58159107,2,52,5,8.97435897,9.61538462,26.43609540,calibration,81.64628477,True,True
kitti,000012,yaw_deg,3.00000000,120007,18713,15.59325706,2,52,0,0.00000000,0.00000000,39.81051659,calibration,81.64628477,True,True
kitti,000015,yaw_deg,-3.00000000,122583,18302,14.93029213,5,6434,1816,14.62251007,28.22505440,49.01849933,calibration,81.64628477,True,True
kitti,000015,yaw_deg,-2.00000000,122583,18327,14.95068647,5,6434,2016,22.51686791,31.33354057,32.96478544,calibration,81.64628477,True,True
kitti,000015,yaw_deg,-1.00000000,122583,18347,14.96700195,5,6434,2155,56.77999081,33.49393845,16.63141972,calibration,81.64628477,True,True
kitti,000015,yaw_deg,-0.50000000,122583,18347,14.96700195,5,6434,2207,80.83089197,34.30214486,8.35415751,calibration,81.64628477,True,True
kitti,000015,yaw_deg,0.00000000,122583,18334,14.95639689,5,6434,2182,79.48801504,33.91358408,0.00000000,calibration,81.64628477,True,True
kitti,000015,yaw_deg,0.50000000,122583,18379,14.99310671,5,6434,2042,53.52071901,31.73764377,8.42199176,calibration,81.64628477,True,True
kitti,000015,yaw_deg,1.00000000,122583,18441,15.04368469,5,6434,1881,26.22961070,29.23531240,16.89809465,calibration,81.64628477,True,True
kitti,000015,yaw_deg,2.00000000,122583,18470,15.06734213,5,6434,1673,11.81106528,26.00248679,33.90007052,calibration,81.64628477,True,True
kitti,000015,yaw_deg,3.00000000,122583,18540,15.12444629,5,6434,1538,6.51020302,23.90425863,50.73327597,calibration,81.64628477,True,True
kitti,000016,yaw_deg,-3.00000000,113070,17840,15.77783674,5,4109,3597,40.35565254,87.53954734,46.66658443,calibration,81.64628477,True,True
kitti,000016,yaw_deg,-2.00000000,113070,17869,15.80348457,5,4109,3746,56.93907693,91.16573376,31.35347824,calibration,81.64628477,True,True
kitti,000016,yaw_deg,-1.00000000,113070,17879,15.81232865,5,4109,3854,86.65030344,93.79411049,15.80694264,calibration,81.64628477,True,False
kitti,000016,yaw_deg,-0.50000000,113070,17881,15.81409746,5,4109,3858,95.17975928,93.89145778,7.93677410,calibration,81.64628477,True,False
kitti,000016,yaw_deg,0.00000000,113070,17868,15.80260016,5,4109,3819,97.17211117,92.94232173,0.00000000,calibration,81.64628477,True,False
kitti,000016,yaw_deg,0.50000000,113070,17872,15.80613779,5,4109,3742,85.58377148,91.06838647,7.98652990,calibration,81.64628477,True,False
kitti,000016,yaw_deg,1.00000000,113070,17871,15.80525338,5,4109,3630,73.66471831,88.34266245,16.00230843,calibration,81.64628477,True,True
kitti,000016,yaw_deg,2.00000000,113070,17883,15.81586628,5,4109,3411,44.38666206,83.01289852,32.09898436,calibration,81.64628477,True,True
kitti,000016,yaw_deg,3.00000000,113070,17899,15.83001680,5,4109,3200,32.28137906,77.87782916,48.32426189,calibration,81.64628477,True,True
kitti,000019,yaw_deg,-3.00000000,115697,18613,16.08771187,4,8995,5893,38.60719028,65.51417454,46.64665877,evaluation,81.64628477,True,True
kitti,000019,yaw_deg,-2.00000000,115697,18699,16.16204396,4,8995,6154,50.26138906,68.41578655,31.21179728,evaluation,81.64628477,True,True
kitti,000019,yaw_deg,-1.00000000,115697,18740,16.19748135,4,8995,6330,74.09088340,70.37242913,15.68553124,evaluation,81.64628477,True,True
kitti,000019,yaw_deg,-0.50000000,115697,18765,16.21908952,4,8995,6303,86.61562214,70.07226237,7.87344679,evaluation,81.64628477,True,False
kitti,000019,yaw_deg,0.00000000,115697,18792,16.24242634,4,8995,6223,90.92219020,69.18287938,0.00000000,evaluation,81.64628477,True,False
kitti,000019,yaw_deg,0.50000000,115697,18828,16.27354210,4,8995,6113,81.05885212,67.95997777,7.90667930,evaluation,81.64628477,True,True
kitti,000019,yaw_deg,1.00000000,115697,18859,16.30033622,4,8995,5993,66.42469474,66.62590328,15.81963972,evaluation,81.64628477,True,True
kitti,000019,yaw_deg,2.00000000,115697,18912,16.34614554,4,8995,5691,48.10302814,63.26848249,31.64440287,evaluation,81.64628477,True,True
kitti,000019,yaw_deg,3.00000000,115697,18936,16.36688937,4,8995,5394,39.30084319,59.96664814,47.41221315,evaluation,81.64628477,True,True
kitti,000021,yaw_deg,-3.00000000,125260,19920,15.90292192,8,3903,1720,37.77927976,44.06866513,40.90777169,evaluation,81.64628477,True,True
kitti,000021,yaw_deg,-2.00000000,125260,19860,15.85502156,8,3903,2045,54.98817327,52.39559313,27.38678760,evaluation,81.64628477,True,True
kitti,000021,yaw_deg,-1.00000000,125260,19815,15.81909628,8,3903,2353,70.37910675,60.28695875,13.78559411,evaluation,81.64628477,True,True
kitti,000021,yaw_deg,-0.50000000,125260,19814,15.81829794,8,3903,2514,84.92198676,64.41199078,6.92579755,evaluation,81.64628477,True,False
kitti,000021,yaw_deg,0.00000000,125260,19824,15.82628133,8,3903,2595,88.98247978,66.48731745,0.00000000,evaluation,81.64628477,True,False
kitti,000021,yaw_deg,0.50000000,125260,19818,15.82149130,8,3903,2643,88.59491882,67.71714066,6.97879922,evaluation,81.64628477,True,False
kitti,000021,yaw_deg,1.00000000,125260,19827,15.82867635,8,3903,2622,85.63744216,67.17909301,13.99404027,evaluation,81.64628477,True,False
kitti,000021,yaw_deg,2.00000000,125260,19841,15.83985311,8,3903,2561,73.31998549,65.61619267,28.13973792,evaluation,81.64628477,True,True
kitti,000021,yaw_deg,3.00000000,125260,19863,15.85741657,8,3903,2384,51.39966094,61.08121957,42.45001383,evaluation,81.64628477,True,True
kitti,000023,yaw_deg,-3.00000000,120412,18578,15.42869481,3,107,0,0.00000000,0.00000000,38.01049234,evaluation,81.64628477,True,True
kitti,000023,yaw_deg,-2.00000000,120412,18581,15.43118626,3,107,17,16.11226611,15.88785047,25.32088675,evaluation,81.64628477,True,True
kitti,000023,yaw_deg,-1.00000000,120412,18584,15.43367771,3,107,56,52.70270270,52.33644860,12.65324257,evaluation,81.64628477,True,True
kitti,000023,yaw_deg,-0.50000000,120412,18595,15.44281301,3,107,82,74.14414414,76.63551402,6.32541323,evaluation,81.64628477,True,True
kitti,000023,yaw_deg,0.00000000,120412,18587,15.43616915,3,107,107,100.00000000,100.00000000,0.00000000,evaluation,81.64628477,True,False
kitti,000023,yaw_deg,0.50000000,120412,18585,15.43450819,3,107,84,75.68260568,78.50467290,6.32443699,evaluation,81.64628477,True,True
kitti,000023,yaw_deg,1.00000000,120412,18583,15.43284722,3,107,50,37.31808732,46.72897196,12.64917854,evaluation,81.64628477,True,True
kitti,000023,yaw_deg,2.00000000,120412,18592,15.44032156,3,107,10,4.50450450,9.34579439,25.30474816,evaluation,81.64628477,True,True
kitti,000023,yaw_deg,3.00000000,120412,18594,15.44198253,3,107,0,0.00000000,0.00000000,37.97848267,evaluation,81.64628477,True,True
kitti,000025,yaw_deg,-3.00000000,115780,17549,15.15719468,6,2865,1277,46.59809152,44.57242583,40.57139884,evaluation,81.64628477,True,True
kitti,000025,yaw_deg,-2.00000000,115780,17528,15.13905683,6,2865,1441,57.32690593,50.29668412,27.06965161,evaluation,81.64628477,True,True
kitti,000025,yaw_deg,-1.00000000,115780,17543,15.15201244,6,2865,1598,65.67979808,55.77661431,13.54668300,evaluation,81.64628477,True,True
kitti,000025,yaw_deg,-0.50000000,115780,17538,15.14769390,6,2865,1654,73.33831510,57.73123909,6.77713088,evaluation,81.64628477,True,True
kitti,000025,yaw_deg,0.00000000,115780,17529,15.13992054,6,2865,1684,85.07707859,58.77835951,0.00000000,evaluation,81.64628477,True,False
kitti,000025,yaw_deg,0.50000000,115780,17534,15.14423907,6,2865,1651,62.83336750,57.62652705,6.78767962,evaluation,81.64628477,True,True
kitti,000025,yaw_deg,1.00000000,115780,17540,15.14942132,6,2865,1594,48.05420584,55.63699825,13.58209314,evaluation,81.64628477,True,True
kitti,000025,yaw_deg,2.00000000,115780,17541,15.15028502,6,2865,1428,36.16887792,49.84293194,27.24496615,evaluation,81.64628477,True,True
kitti,000025,yaw_deg,3.00000000,115780,17514,15.12696493,6,2865,1262,26.72213019,44.04886562,41.04233554,evaluation,81.64628477,True,True
kitti,000031,yaw_deg,-3.00000000,121291,18968,15.63842330,6,3074,2332,55.05460966,75.86206897,41.45565470,evaluation,81.64628477,True,True
kitti,000031,yaw_deg,-2.00000000,121291,18931,15.60791815,6,3074,2648,66.65541751,86.14183474,27.66437791,evaluation,81.64628477,True,True
kitti,000031,yaw_deg,-1.00000000,121291,18905,15.58648210,6,3074,2948,86.49414341,95.90110605,13.85130243,evaluation,81.64628477,True,False
kitti,000031,yaw_deg,-0.50000000,121291,18907,15.58813102,6,3074,3039,94.56347122,98.86141835,6.92967295,evaluation,81.64628477,True,False
kitti,000031,yaw_deg,0.00000000,121291,18896,15.57906193,6,3074,3074,100.00000000,100.00000000,0.00000000,evaluation,81.64628477,True,False
kitti,000031,yaw_deg,0.50000000,121291,18877,15.56339712,6,3074,3040,95.98935598,98.89394925,6.93630806,evaluation,81.64628477,True,False
kitti,000031,yaw_deg,1.00000000,121291,18837,15.53041858,6,3074,2941,86.87488723,95.67338972,13.88732242,evaluation,81.64628477,True,False
kitti,000031,yaw_deg,2.00000000,121291,18783,15.48589755,6,3074,2638,66.96403740,85.81652570,27.86561605,evaluation,81.64628477,True,True
kitti,000031,yaw_deg,3.00000000,121291,18731,15.44302545,6,3074,2343,53.80018983,76.21990891,41.96412540,evaluation,81.64628477,True,True
kitti,000032,yaw_deg,-3.00000000,118661,19537,16.46455027,10,4987,4036,63.65112409,80.93041909,43.34012063,evaluation,81.64628477,True,True
kitti,000032,yaw_deg,-2.00000000,118661,19540,16.46707848,10,4987,4484,76.45404342,89.91377582,28.96472101,evaluation,81.64628477,True,True
kitti,000032,yaw_deg,-1.00000000,118661,19539,16.46623575,10,4987,4842,91.38033289,97.09244034,14.51198126,evaluation,81.64628477,True,False
kitti,000032,yaw_deg,-0.50000000,118661,19536,16.46370754,10,4987,4946,96.85621144,99.17786244,7.25961301,evaluation,81.64628477,True,False
kitti,000032,yaw_deg,0.00000000,118661,19535,16.46286480,10,4987,4985,99.98520710,99.95989573,0.00000000,evaluation,81.64628477,True,False
kitti,000032,yaw_deg,0.50000000,118661,19547,16.47297764,10,4987,4963,96.02537281,99.51874875,7.26905881,evaluation,81.64628477,True,False
kitti,000032,yaw_deg,1.00000000,118661,19546,16.47213491,10,4987,4873,87.60845700,97.71405655,14.54214912,evaluation,81.64628477,True,False
kitti,000032,yaw_deg,2.00000000,118661,19548,16.47382038,10,4987,4625,69.25688079,92.74112693,29.13540166,evaluation,81.64628477,True,True
kitti,000032,yaw_deg,3.00000000,118661,19552,16.47719133,10,4987,4343,57.11516094,87.08642470,43.75375204,evaluation,81.64628477,True,True
kitti,000043,yaw_deg,-3.00000000,122591,19565,15.95957289,4,514,0,0.00000000,0.00000000,39.62275033,evaluation,81.64628477,True,True
kitti,000043,yaw_deg,-2.00000000,122591,19572,15.96528293,4,514,36,5.34651742,7.00389105,26.40101486,evaluation,81.64628477,True,True
kitti,000043,yaw_deg,-1.00000000,122591,19623,16.00688468,4,514,337,65.17557461,65.56420233,13.22007245,evaluation,81.64628477,True,True
kitti,000043,yaw_deg,-0.50000000,122591,19619,16.00362180,4,514,473,92.21312007,92.02334630,6.61887822,evaluation,81.64628477,True,False
kitti,000043,yaw_deg,0.00000000,122591,19655,16.03298774,4,514,503,98.02938338,97.85992218,0.00000000,evaluation,81.64628477,True,False
kitti,000043,yaw_deg,0.50000000,122591,19689,16.06072224,4,514,419,80.48828880,81.51750973,6.63949625,evaluation,81.64628477,True,True
kitti,000043,yaw_deg,1.00000000,122591,19713,16.08029953,4,514,252,45.53811802,49.02723735,13.30064318,evaluation,81.64628477,True,True
kitti,000043,yaw_deg,2.00000000,122591,19769,16.12597988,4,514,17,2.68604152,3.30739300,26.69225213,evaluation,81.64628477,True,True
kitti,000043,yaw_deg,3.00000000,122591,19811,16.16024015,4,514,0,0.00000000,0.00000000,40.18430422,evaluation,81.64628477,True,True
kitti,000048,yaw_deg,-3.00000000,122675,19795,16.13613206,4,402,0,0.00000000,0.00000000,39.05976542,evaluation,81.64628477,True,True
kitti,000048,yaw_deg,-2.00000000,122675,19848,16.17933564,4,402,61,12.64049944,15.17412935,25.97089716,evaluation,81.64628477,True,True
kitti,000048,yaw_deg,-1.00000000,122675,19870,16.19726921,4,402,310,69.03491484,77.11442786,12.95313773,evaluation,81.64628477,True,True
kitti,000048,yaw_deg,-0.50000000,122675,19824,16.15977175,4,402,380,91.27941677,94.52736318,6.46901831,evaluation,81.64628477,True,False
kitti,000048,yaw_deg,0.00000000,122675,19820,16.15651111,4,402,370,93.25770291,92.03980100,0.00000000,evaluation,81.64628477,True,False
kitti,000048,yaw_deg,0.50000000,122675,19841,16.17362951,4,402,286,73.95672283,71.14427861,6.45494019,evaluation,81.64628477,True,True
kitti,000048,yaw_deg,1.00000000,122675,19852,16.18259629,4,402,142,36.10322093,35.32338308,12.89685057,evaluation,81.64628477,True,True
kitti,000048,yaw_deg,2.00000000,122675,19883,16.20786631,4,402,2,0.44247788,0.49751244,25.74573476,evaluation,81.64628477,True,True
kitti,000048,yaw_deg,3.00000000,122675,19897,16.21927858,4,402,0,0.00000000,0.00000000,38.55488696,evaluation,81.64628477,True,True
kitti,000049,yaw_deg,-3.00000000,113691,17790,15.64767660,17,4673,3508,53.90641109,75.06954847,43.78927789,evaluation,81.64628477,True,True
kitti,000049,yaw_deg,-2.00000000,113691,17890,15.73563431,17,4673,3935,66.81371266,84.20714744,29.23091508,evaluation,81.64628477,True,True
kitti,000049,yaw_deg,-1.00000000,113691,17986,15.82007371,17,4673,4376,86.84367907,93.64433982,14.64761344,evaluation,81.64628477,True,False
kitti,000049,yaw_deg,-0.50000000,113691,18033,15.86141383,17,4673,4498,94.92875386,96.25508239,7.32645515,evaluation,81.64628477,True,False
kitti,000049,yaw_deg,0.00000000,113691,18093,15.91418846,17,4673,4521,97.57222166,96.74727156,0.00000000,evaluation,81.64628477,True,False
kitti,000049,yaw_deg,0.50000000,113691,18134,15.95025112,17,4673,4441,94.54273552,95.03530922,7.33627714,evaluation,81.64628477,True,False
kitti,000049,yaw_deg,1.00000000,113691,18174,15.98543420,17,4673,4255,87.82499453,91.05499679,14.66726571,evaluation,81.64628477,True,False
kitti,000049,yaw_deg,2.00000000,113691,18229,16.03381094,17,4673,3825,78.29435860,81.85319923,29.29234547,evaluation,81.64628477,True,True
kitti,000049,yaw_deg,3.00000000,113691,18231,16.03557010,17,4673,3322,67.54367053,71.08923604,43.86916606,evaluation,81.64628477,True,True
kitti,000061,yaw_deg,-3.00000000,125247,19657,15.69458750,6,1681,796,18.82408081,47.35276621,59.24101591,evaluation,81.64628477,True,True
kitti,000061,yaw_deg,-2.00000000,125247,19690,15.72093543,6,1681,989,35.75533925,58.83402736,39.68479297,evaluation,81.64628477,True,True
kitti,000061,yaw_deg,-1.00000000,125247,19733,15.75526759,6,1681,1221,62.82612609,72.63533611,19.93295755,evaluation,81.64628477,True,True
kitti,000061,yaw_deg,-0.50000000,125247,19765,15.78081711,6,1681,1328,81.98967937,79.00059488,9.98443359,evaluation,81.64628477,True,False
kitti,000061,yaw_deg,0.00000000,125247,19791,15.80157609,6,1681,1348,87.41496599,80.19036288,0.00000000,evaluation,81.64628477,True,False
kitti,000061,yaw_deg,0.50000000,125247,19813,15.81914138,6,1681,1299,80.74289597,77.27543129,9.94618676,evaluation,81.64628477,True,True
kitti,000061,yaw_deg,1.00000000,125247,19825,15.82872244,6,1681,1213,68.03248721,72.15942891,19.76051138,evaluation,81.64628477,True,True
kitti,000061,yaw_deg,2.00000000,125247,19866,15.86145776,6,1681,1022,42.21465679,60.79714456,38.83733704,evaluation,81.64628477,True,True
kitti,000061,yaw_deg,3.00000000,125247,19899,15.88780570,6,1681,818,22.63809955,48.66151101,57.22284040,evaluation,81.64628477,True,True
