dataset,factor,value,n_frames,eligible_objects,fov_pct,macro_box_pct,micro_box_pct,median_frame_shift_px
kitti,pitch_deg,0.00000000,20,111,15.73956081,93.21065086,66.96066946,0.00000000
kitti,pitch_deg,0.50000000,20,111,15.36568737,82.99343891,64.90209205,6.44246580
kitti,pitch_deg,1.00000000,20,111,15.00564246,68.27690014,61.69205021,12.88858508
kitti,pitch_deg,2.00000000,20,111,14.25881748,47.45627557,53.95146444,25.80162552
kitti,pitch_deg,3.00000000,20,111,13.49104015,32.60982923,45.36903766,38.73688673
kitti,roll_deg,0.00000000,20,111,15.73956081,93.21065086,66.96066946,0.00000000
kitti,roll_deg,1.00000000,20,111,15.74253605,90.79208251,66.49372385,3.69921043
kitti,roll_deg,2.00000000,20,111,15.73516082,87.67592522,65.41589958,7.36270470
kitti,roll_deg,3.00000000,20,111,15.77136646,82.63032598,63.54811715,11.04299117
kitti,ty_m,-0.10000000,20,111,15.73465797,92.88068031,67.22677824,5.49996987
kitti,ty_m,-0.05000000,20,111,15.73616654,93.31573194,67.17154812,2.75062527
kitti,ty_m,-0.02000000,20,111,15.73809415,93.40164158,67.07447699,1.10028386
kitti,ty_m,0.00000000,20,111,15.73956081,93.21065086,66.96066946,0.00000000
kitti,ty_m,0.02000000,20,111,15.74123700,93.05171091,66.86359833,1.09771046
kitti,ty_m,0.05000000,20,111,15.74345795,92.62982666,66.65104603,2.73803318
kitti,ty_m,0.10000000,20,111,15.74563699,91.45372486,66.14895397,5.45136614
kitti,yaw_deg,-3.00000000,20,111,15.71718372,33.86690385,52.48200837,41.18171320
kitti,yaw_deg,-2.00000000,20,111,15.72560656,47.61290710,58.19414226,27.52558275
kitti,yaw_deg,-1.00000000,20,111,15.73042560,73.04990289,64.40334728,13.81844827
kitti,yaw_deg,-0.50000000,20,111,15.73277226,87.05300171,66.50711297,6.92773525
kitti,yaw_deg,0.00000000,20,111,15.73956081,93.21065086,66.96066946,0.00000000
kitti,yaw_deg,0.50000000,20,111,15.74655889,83.73042791,65.50460251,6.95755364
kitti,yaw_deg,1.00000000,20,111,15.74978555,68.07919800,62.71966527,13.94068134
kitti,yaw_deg,2.00000000,20,111,15.75141983,46.70385663,57.04267782,28.00267698
kitti,yaw_deg,3.00000000,20,111,15.75967505,34.93464704,51.99832636,42.20706961
nuscenes,yaw_deg,-3.00000000,80,486,8.73514494,39.40006138,43.68482039,75.77457355
nuscenes,yaw_deg,-2.00000000,80,486,8.73420884,52.19379973,48.63389644,51.05517396
nuscenes,yaw_deg,-1.00000000,80,486,8.72848428,72.84795938,53.36037080,25.71244450
nuscenes,yaw_deg,-0.50000000,80,486,8.72700813,83.49446222,54.93687870,12.98918727
nuscenes,yaw_deg,0.00000000,80,486,8.72661209,86.45634716,55.34853937,0.00000000
nuscenes,yaw_deg,0.50000000,80,486,8.72329977,84.28915078,54.99481612,13.05503197
nuscenes,yaw_deg,1.00000000,80,486,8.72344378,75.28053852,53.36951881,26.03860683
nuscenes,yaw_deg,2.00000000,80,486,8.71757520,54.57037227,48.40519607,52.09255066
nuscenes,yaw_deg,3.00000000,80,486,8.71174263,40.86372817,43.30365311,77.67420716
